" ","Gold Rooms","Oakland Room","Lake Superior Room B"
"8:00","Registration, Breakfast, Posters, Welcome
",,
"9:30","Using Video to Teach Writing Transfer","How Students Around the World Use Online Content","Establishing Learning and Behavioral Expectations"
"10:00","Using Video to Teach Writing Transfer","Managing Moodle Access to Support Student Learning","Establishing Learning and Behavioral Expectations"
"10:30","Cognitive Complexity Development in Hybrid Counseling Courses","Using Mobile and Barcode Technology","Scaffolding Learning with Technology"
"11:00","Cognitive Complexity Development in Hybrid Counseling Courses","Progress Report Journals: Reflecting on Course Performance","Scaffolding Learning with Technology"
"11:30","Talking about Technology Issues","Wait, Prezi Can Do That?","Gaming the System: Innovative Pedagogical Design"
"12:00","Talking about Technology Issues","VoiceThread for Discussions","Gaming the System: Innovative Pedagogical Design"
"12:30","Lunch & Keynote",,
"2:00","How do we Promote and Sustain Student Engagement?","Managing a Mandatory Online Learning Readiness Course","Workshop: Going Gameful with GradeCraft"
"3:00","Turning Student Groups into Effective Teams","Faculty Training and Quality Online Course Development Program","Workshop: Going Gameful with GradeCraft"
"4:00 ","Take Aways, Conclusion, Prizes",,
